Ali,Sahin,231-89-4203,alisahin@gmail.com
Jon,Snow,476-90-9374,jon.snow@example.com
Ali,Deckow,473-22-1798,com.github.javafaker.Name@7c011174@gmail.com
Francisco,Thiel,326-87-0606,bruno.prohaska@hotmail.com
Demo,Team30,159-63-9248,demot36@gmail.com
Maria,Maria,027-31-2727,customer55@gmail.com
Jacqueline,Emmerich,355-88-2318,christopher.zulauf@example.com
Wendell,Trantow,821-84-3971,hugo.schneider@example.com
Alda,Monahan,108-53-6655,com.github.javafaker.Name@7c011174@gmail.com
Ariel,Lockman,224-71-4004,com.github.javafaker.Name@7c011174@gmail.com
ismail,özk,398-56-4356,ismailoezkan93@gmail.com
Demo,Team30,159-63-9246,demot37@gmail.com
Everette,Dietrich,498-53-5576,com.github.javafaker.Name@7c011174@gmail.com
US11,Team13,458-62-6584,bg@gmail.com
myCustomer1,Williamson,570-65-6993,Name1@gmail.com
Maria,Maria,222-33-5555,maria3@gmail.com
Winona,Abernathy,779-99-4600,winonaabernathy@gmail.com
Merrill,Price,531-95-8437,MerrillPrice@gmail.com
Lesley,King,049-43-2360,LesleyKing@gmail.com
Ricardo,Mraz,612-28-5133,RicardoMraz@gmail.com
Gilda,Fritsch,236-44-8963,gildafritsch@gmail.com
Demo,Meeting,765-76-7653,bankers@gmail.com
Teena,Skiles,374-69-8277,jessie.hartmann@yahoo.com
Vaughn,Morar,729-03-9649,jimmy.metz@example.com
Dallas,Kutch,224-80-9852,dorothy.legros@example.com
Benedict,Doyle,049-96-3611,BenedictDoyle@gmail.com
Demo,Tillman,333-34-2395,com.github.javafaker.Name@7c011174@gmail.com
Diann,Kulas,897-59-8090,DiannKulas@gmail.com
Frederick,Williamson,450-56-4994,com.github.javafaker.Name@2c05ff9d@gmail.com
Debra,Hand,776-46-0193,rickie.schmeler@yahoo.com
Rose,Gulgowski,388-19-8133,aline.hilpertexample.com
Carsamba,Jonem,272-06-2670,melia.collins@example.com
Genaro,Ernser,293-34-7991,heriberto.kris@example.com
Olevia,Langworth,779-44-6620,norberto.williamson@example.com
Isabella,Rogers,234-34-2150,kalimera@gmail.com
Sunshine,Monahan,325-49-3356,kareem.okeefe@example.com
US11,Team13,458-61-6567,ast@sdf.com
Robert,Sabin,183-45-6875,infor@gmail.com
ozlem,de,777-55-3311,ozlemanager@gmail.com
Armand,Marvin,648-15-5055,margarett.auer@yahoo.com
Glenna,Gusikowski,097-56-1355,GlennaGusikowski@gmail.com
William,Wil,222-33-6666,william@gmail.com
{{$randomFirstName},{{$randomLastName},458-69-3494,{{$randomEmail}
{{$randomFirstName},{{$randomLastName},458-60-3494,{{$randomEmail}
Brown,Ozturk,579-57-5199,brown@gmail.com
Velma,Monahan,383-18-6001,com.github.javafaker.Name@7c011174@gmail.com
Halle,Flatley,484-70-2465,halleflatley@gmail.com
Yellow,Forest,579-57-4399,yellowf2@gmail.com
myCustomer1,Williamson,582-65-6993,Name1@gmail.com
emre02,Roge,337-11-0258,kalimerr@gmail.com
Kasey,Collins,413-29-1222,KaseyCollins@gmail.com
Cassandra,Boehm,594-92-7180,com.github.javafaker.Name@2c05ff9d@gmail.com
Rogelio,Bednar,348-27-5269,com.github.javafaker.Name@7c011174@gmail.com
Margarett,Tromp,161-12-3967,com.github.javafaker.Name@7c011174@gmail.com
Robert,Sabin,591-69-4731,infor@gmail.com
Weldon,King,476-41-8903,com.github.javafaker.Name@68dd39d2@gmail.com
Dede,Frami,350-52-0138,bernie@hotmail.com
Tequila,Beier,883-92-5154,com.github.javafaker.Name@7c011174@gmail.com
Cornell,Kuphal,716-17-4100,com.github.javafaker.Name@7c011174@gmail.com
Devon,Hansen,670-92-0976,DevonHansen@gmail.com
Reynalda,Russel,890-40-8248,ReynaldaRussel@gmail.com
Victor,Price,308-09-2288,VictorPrice@gmail.com
Ulysses,Hayes,711-98-6380,UlyssesHayes@gmail.com
Young,Wolff,598-19-7103,YoungWolff@gmail.com
Shawna,Weber,830-69-1198,ShawnaWeber@gmail.com
Leslie,Brown,500-33-4606,LeslieBrown@gmail.com
Idella,Larson,126-54-8771,IdellaLarson@gmail.com
alice,may,124-87-9635,ddd@g.com
Leroy,Anderson,521-25-9383,LeroyAnderson@gmail.com
hsn,basri,291-34-8333,abc@abc.com
ASAS,as,123-23-2345,yHOO1@gmail.com
afadfdfdsd,kjkj,213-22-3456,yash@gaam.com
Marvis,Rippin,784-32-1124,com.github.javafaker.Name@3e0fbeb5@gmail.com
Logan,Stoltenberg,387-71-3388,com.github.javafaker.Name@58f437b0@gmail.com
Tahsin,Ak,333-22-4444,tahcesin@gmail.com
Ali,Ondricka,219-76-7342,elmo.prohaska@example.com
Reginald,Lockman,491-03-0970,arvilla.gorczany@example.com
hami,samin,450-56-4933,com.github.javafaker.Name@2c05ff9d@gmail.com
myCustomer1,Williamson,551-65-6993,Name1@gmail.com
Homer,Casper,277-43-6687,donte.ward@yahoo.com
Oliver,Allen,329-44-6666,oliver1@c.gmail
Cathy,Woburn,254-13-7564,cathyw@gmail.com
James,William,450-92-4994,com.github.javafaker.Name@2c05ff9d@gmail.com
Jocelyn,Ondricka,458-50-3494,Leo_Steuber41@hotmail.com
Sadie,Cassin,458-51-3494,Dino6@yahoo.com
Azalee,Ullrich,655-38-9312,fritz.langosh@example.com
Houston,Sipes,220-62-3782,com.github.javafaker.Name@625a9c5d@gmail.com
James1,William,768-92-4994,com.github.javafaker.Name@2c05ff9d@gmail.com
Alvera,Mills,645-79-9360,emanuel.stiedemann@hotmail.com
James11,William,768-92-4933,com.github.javafaker.Name@2c05ff9d@gmail.com
Tory,Beer,438-93-3292,ToryBeer@gmail.com
Shanon,Lynch,788-20-5680,hae.ohara@example.com
Thao,Gibson,896-05-3149,ThaoGibson@gmail.com
Joel,Dietrich,594-86-8773,kent.lind@gmail.com
Dee,Zboncak,746-90-0683,DeeZboncak@gmail.com
Trish,Rempel,211-71-9331,TrishRempel@gmail.com
Moses,Abbott,630-28-7816,MosesAbbott@gmail.com
Jacques,Rolfson,350-74-1842,JacquesRolfson@gmail.com
Flrederick,Wlilliamson,450-56-4948,Name54@2c05ff9d@gmail.com
Gil,Collier,744-33-8750,com.github.javafaker.Name@7c011174@gmail.com
Sol,Mante,331-43-2867,com.github.javafaker.Name@7c011174@gmail.com
Felicia,Quigley,626-26-1585,edward.davis@example.com
team21,Customer,123-58-1324,team2122@gmail.com
Team21,Customer,102-22-7854,asdx@gmail.com
Sabra,Hermann,716-91-7102,orlando.wintheiser@example.com
Mathew,Marvin,482-91-9216,ervin.schuppe@example.com
Monika,Mayert,544-25-7338,eddie.abernathy@example.com
Hortencia,Durgan,279-39-5686,trent.dubuque@example.com
Leonel,Lakin,264-42-6935,letty.lowe@example.com
Leonard,Sanford,632-34-2038,com.github.javafaker.Name@29cd3f9f@gmail.com
Steve,Hartmann,596-60-9494,com.github.javafaker.Name@31183ee2@gmail.com
Marco,Aufderhar,745-41-5389,com.github.javafaker.Name@34766f4b@gmail.com
Alise,Parker,783-46-1960,com.github.javafaker.Name@45fdd38d@gmail.com
Ferhat,Tosun,789-15-2547,ferh@gmail.com
omer__5,omer__5,333-12-5559,omer__454481@gmail.com
Demo,Team30,159-63-9257,demot35@gmail.com
Nannie,Nader,085-41-7177,wm.wolff@yahoo.com
Lorena,Reichel,120-84-2504,franklin.robel@gmail.com
acb,dfg,567-77-8888,abcya@gmail.com
Jasmin,Koelpin,431-79-1057,jasminkoelpin@gmail.com
Paul,Pa,222-33-7777,paul@gmail.com
werty,werty,080-80-8080,werty013@gmail.com
mahir,safi,222-66-4444,mahir123@icloud.com
Billy,Rose,456-67-2341,brose@gmail.com
Demo,Meeting,765-76-7652,bankers2@gmail.com
Daphne,Bins,175-58-9236,shaquita.murphy@yahoo.com
Cody,Monahan,219-26-9015,grace.langosh@hotmail.com
myCustomer1,Williamson,551-65-6999,Name1@gmail.com
Damon,McClure,193-14-2580,DamonMcClure@gmail.com
Refugio,Rempel,186-19-6781,emile.prohaska@example.com
Winston,Lebsack,500-93-9094,truman.rogahn@example.com
omer__4,omer__4,333-12-5558,omer__454549@gmail.com
John,Black,123-45-7719,johnblack@black.com
Hans,Pouros,468-47-0513,HansPouros@gmail.com
Soila,Schulist,248-42-1526,vena@hotmail.com
Joe Joe,White,128-67-3999,com.github.javafaker.Ancient@7651218e@gmail.com
Rosaline,McKenzie,104-68-8027,com.github.javafaker.Name@12f49ca8@gmail.com
Ardelia,Turcotte,639-34-1364,com.github.javafaker.Name@2a8a4e0c@gmail.com
Jared,Tillman,404-22-3298,com.github.javafaker.Name@5a6195b8@gmail.com
Francine,Block,078-41-8741,FrancineBlock@gmail.com
Aubrey,Gleason,371-80-9113,AubreyGleason@gmail.com
Christian,O'Reilly,844-10-2225,ChristianO'Reilly@gmail.com
Alphonse,Bartoletti,252-69-1991,AlphonseBartoletti@gmail.com
Brain,Bergnaum,430-26-6078,BrainBergnaum@gmail.com
Oralia,Cummings,028-01-1179,OraliaCummings@gmail.com
Chanda,Sauer,898-64-8576,dione.wyman@gmail.com
Deneen,Hahn,623-55-6619,deneenhahn@gmail.com
Bryant,Dickinson,301-78-6679,bryantdickinson@gmail.com
Myrl,Hamill,091-16-2572,myrlhamill@gmail.com
Hans,Müller,241-17-1434,hansmuller112@hotmail.com
Mickey,Botsford,784-50-1345,mickeybotsford@gmail.com
Jerome,Gutkowski,270-80-9657,tommy.johnson@example.com
Valeri,Murazik,052-53-0483,manie.jacobs@example.com
Edward,Kub,332-06-6085,jc.rodriguez@yahoo.com
Viola,Lockman,574-60-6356,joycelyn.prosacco@example.com
Lucille,Wintheiser,582-83-2216,katrice.okuneva@example.com
Saul,Batz,233-79-9258,shin.volkman@yahoo.com
Shira,Towne,627-86-5309,vernie.koch@example.com
Mehmet,Keler,111-33-3333,deneme19-1@gmail.com
Young,Jacobs,651-47-3009,chong.dubuque@gmail.com
Yellow,Forest,579-57-2399,yellowf3@gmail.com
omer__10,omer__10,333-12-5564,omer__43111@gmail.com
omer__11,omer__11,333-12-5565,omer__11142@gmail.com
werty,werty,345-45-4300,wert00@gmail.com
Earlene,Price,285-48-3339,alisa.gorczany@example.com
Nigel,Kuphal,646-62-1976,gisela.adams@example.com
Roy,Shields,382-62-1383,arden.koepp@example.com
Al,qwerft,142-59-4577,com.github.javafaker.Name@257ef9ed@gmail.com
test13,Team13,235-89-5613,t@e.xom
ysmni,Team13,354-65-2374,y@gm.com
Robert,Sabin,110-39-4789,infor@gmail.com
Robert,Sabin,358-88-2552,infor@gmail.com
Lenny,Runolfsdottir,873-77-5442,thurman.emmerich@example.com
Letitia,Schaden,818-18-2229,letitiaschaden@gmail.com
aaa,aaa,291-34-8334,aaa@aaa.com
Demo,Meeting,765-76-7655,bankers5@gmail.com
Shaun,Shields,246-30-4924,sydney.feil@hotmail.com
Joe Joe,White,123-23-3456,yahoo@gmail.com
Joe Joe,White,122-23-3456,yahoo1@gmail.com
Lauren,Robel,439-64-4482,kit.leffler@yahoo.com
Lavern,Schulist,650-94-1495,com.github.javafaker.Name@257ef9ed@gmail.com
Juan,Breitenberg,246-59-3825,com.github.javafaker.Name@2a8a4e0c@gmail.com
Joseph,Weissnat,844-64-6917,com.github.javafaker.Name@20d87335@gmail.com
Leonardo,Dare,458-34-9394,com.github.javafaker.Name@2d4608a6@gmail.com
Exie,Nader,103-39-6003,com.github.javafaker.Name@20f6f88c@gmail.com
Aglae,Pagac,660-13-4770,aglaepagac@gmail.com
Jude,Kuphal,512-59-2798,judekuphal@gmail.com
Mae,Senger,072-01-0554,maesenger@gmail.com
Nur,Ozkan,357-91-6482,fe@fe.gmail
Erminia,Pollich,123-65-6514,rodrick.leannon@gmail.com
Bonita,Dibbert,458-52-3494,Trent.Rowe67@yahoo.com
Demo,Team30,159-63-9252,demot30@gmail.com
omer__9,omer__9,333-12-5563,omer__40004@gmail.com
Chong,Ferry,784-63-4313,merlin.ferry@example.com
Valentine,Hansen,868-07-3136,kelly.zieme@example.com
Holly,Vandervort,052-47-0326,janna.langworth@example.com
Clement,O'Hara,068-35-6315,sherrell.kris@example.com
Florencio,Welch,168-37-9385,perry.rippin@example.com
Kris,Herzog,151-21-6588,oren.reinger@hotmail.com
Celestine,Pouros,059-44-7569,celestinepouros@gmail.com
felat,boz,118-99-1111,felat111@gmail.com
Ervin,Block,846-26-4820,ervinblock@gmail.com
Anya,Streich,043-55-8939,anyastreich@gmail.com
werty,werty,080-80-8081,werty014@gmail.com
werty,werty,080-80-8084,werty017@gmail.com
Lorilee,Grimes,387-22-5369,marcy.balistreri@gmail.com
Wm,Schulist,009-88-7420,deadra.olson@yahoo.com
abul,bul,223-12-1234,abul@gmail.com
Joe Joe,White,124-23-3456,yahoo2@gmail.com
Joe Joe,White,125-23-3456,yahoo3@gmail.com
Rebbeca,Gutmann,210-76-5577,com.github.javafaker.Name@257ef9ed@gmail.com
Lucio,McKenzie,570-52-4408,com.github.javafaker.Name@257ef9ed@gmail.com
Love,Graham,864-21-8974,com.github.javafaker.Name@2a8a4e0c@gmail.com
Bridgette,Cremin,369-80-7718,com.github.javafaker.Name@2a8a4e0c@gmail.com
Easter,O'Reilly,326-17-6238,com.github.javafaker.Name@2a8a4e0c@gmail.com
Rashad,Jacobson,591-50-5248,com.github.javafaker.Name@2d4608a6@gmail.com
Agatha,Lebsack,365-92-2932,com.github.javafaker.Name@20f6f88c@gmail.com
Eugene,Parker,491-52-5905,com.github.javafaker.Name@35a60674@gmail.com
Valrie,Cremin,743-54-6047,com.github.javafaker.Name@2d4608a6@gmail.com
Donovan,Schmeler,899-77-1710,com.github.javafaker.Name@2d4608a6@gmail.com
Reinaldo,Toy,790-11-9051,com.github.javafaker.Name@2d4608a6@gmail.com
Frank,Mraz,682-31-2336,com.github.javafaker.Name@6ee99964@gmail.com
Noble,Morissette,639-20-7626,com.github.javafaker.Name@6ee99964@gmail.com
Ken,Howell,369-74-2751,com.github.javafaker.Name@2d4608a6@gmail.com
Elise,Nitzsche,250-80-9432,com.github.javafaker.Name@20d87335@gmail.com
Walton,Rohan,551-41-2420,com.github.javafaker.Name@3e0fbeb5@gmail.com
Bennie,Bosco,369-79-6250,com.github.javafaker.Name@20d87335@gmail.com
Jan,Gerlach,184-32-7081,com.github.javafaker.Name@20d87335@gmail.com
Loura,Yost,386-49-9766,com.github.javafaker.Name@20d87335@gmail.com
Gladis,Rosenbaum,406-62-7631,com.github.javafaker.Name@20d87335@gmail.com
Shaunda,Roberts,365-89-5867,com.github.javafaker.Name@20d87335@gmail.com
Dannielle,Lebsack,352-68-7104,com.github.javafaker.Name@58f437b0@gmail.com
Cristobal,Jenkins,282-21-5352,com.github.javafaker.Name@3e0fbeb5@gmail.com
Khadijah,Osinski,403-61-2351,com.github.javafaker.Name@58f437b0@gmail.com
Olive,Lehner,427-48-8693,com.github.javafaker.Name@3e0fbeb5@gmail.com
Kirby,Feest,865-89-3010,com.github.javafaker.Name@58f437b0@gmail.com
Elease,Bashirian,640-12-3661,com.github.javafaker.Name@3e0fbeb5@gmail.com
Louie,Rolfson,585-82-4725,com.github.javafaker.Name@3e0fbeb5@gmail.com
Harley,Hand,302-18-3803,com.github.javafaker.Name@58f437b0@gmail.com
Refugia,Prosacco,865-87-7575,com.github.javafaker.Name@58f437b0@gmail.com
Bart,Watsica,565-42-8728,com.github.javafaker.Name@58f437b0@gmail.com
Zachariah,Beahan,664-45-2355,com.github.javafaker.Name@58f437b0@gmail.com
Douglass,Waters,377-02-1040,shari.klocko@example.com
aS,As,123-98-9887,asdasd
mahir1,safi1,222-66-6666,mahir1234@icloud.com
mahir2,safi2,222-66-6668,mahir12345@icloud.com
Glenda,Emard,763-03-2417,wendell.okon@example.com
Luetta,Marvin,496-61-7404,waltraud.kuhlman@example.com
Dallas,Muller,403-12-8789,com.github.javafaker.Name@58f437b0@gmail.com
Shawnta,Kutch,129-41-5181,com.github.javafaker.Name@7c011174@gmail.com
Wiley,Torphy,304-33-0528,nu.kshlerin@example.com
Robert,Sabin,135-96-1177,infor@gmail.com
Leif,Schmitt,434-54-5717,com.github.javafaker.Name@7c011174@gmail.com
Nicholas,Botsford,442-18-1887,com.github.javafaker.Name@7c011174@gmail.com
Jaqueline,Armstrong,378-77-2565,com.github.javafaker.Name@7c011174@gmail.com
Tisa,McDermott,635-23-5041,com.github.javafaker.Name@7c011174@gmail.com
Lulu,Bashirian,347-70-2846,com.github.javafaker.Name@7c011174@gmail.com
David,Smitham,848-84-5029,myrta.langworth@example.com
Ricky,Champlin,576-37-1477,com.github.javafaker.Name@3b353651@gmail.com
team14_new_customer,team14_new_customer,321-44-5555,team14_new_customer@gmail.com
Colby,Ryan,113-10-8454,com.github.javafaker.Name@6662974a@gmail.com
mahir4,safi4,222-66-6662,mahir1234567@icloud.com
employee17,memur,171-17-1717,employee_17@gmail.com
Ethan,Koelpin,588-83-3251,com.github.javafaker.Name@7e2c3f31@gmail.com
Toney,Wehner,318-67-5695,com.github.javafaker.Name@3b353651@gmail.com
must,eri,321-54-9876,gmi.team.17@gmail.com
vanli,teamm,433-12-1244,newxx03@gmail.com
Antonina,Stiedemann,011-30-7403,efren.hirthe@example.com
Isidro,Mills,834-67-6269,stefan.rosenbaum@example.com
Miyoko,Hartmann,672-99-5327,kenda.mraz@example.com
Noe,Hauck,131-11-5149,kelley.schoen@example.com
ahmet,yil,768-22-5555,yahmet069998@gmail.com
Hal,Jacobs,553-12-5686,henry.nader@yahoo.com
Jimmy,Abshire,132-58-8823,com.github.javafaker.Name@75a0c890@gmail.com
Darryl,Windler,717-17-3617,com.github.javafaker.Name@75e27856@gmail.com
Freddy,Moen,266-44-3978,com.github.javafaker.Name@75e27856@gmail.com
Giovanni,Dach,633-44-1988,com.github.javafaker.Name@49e35c6@gmail.com
Hans,Müller,241-15-1314,hansmuller22@hotmail.com
Leigh,Wiegand,391-18-8655,com.github.javafaker.Name@5312940c@gmail.com
Ronald,Pouros,315-44-8473,com.github.javafaker.Name@3c8a7e38@gmail.com
Vernon,Jast,467-83-5937,grover.krajcik@example.com
Rebeca,Predovic,133-35-6934,williams.kunze@example.com
Robert,Sabin,627-96-6038,infor@gmail.com
Robert,Sabin,528-57-5984,infor@gmail.com
Tu,Schimmel,644-54-0747,rhonda.barrows@example.com
Ingeborg,Ritchie,690-39-1433,com.github.javafaker.Name@6a916402@gmail.com
Arron,Kertzmann,720-62-6686,leonia.goldner@gmail.com
Russell,McLaughlin,820-93-5603,com.github.javafaker.Name@7c011174@gmail.com
Paris,Breitenberg,835-15-6093,com.github.javafaker.Name@7c011174@gmail.com
Sherley,Mertz,428-33-9862,com.github.javafaker.Name@66b6873f@gmail.com
Amber,Hills,403-35-4490,com.github.javafaker.Name@3fa50a24@gmail.com
Charis,Glover,335-45-7737,com.github.javafaker.Name@24c7b944@gmail.com
Dario,Gislason,626-48-8986,com.github.javafaker.Name@3bad0efd@gmail.com
Lexie,Gislason,499-84-4317,com.github.javafaker.Name@10e57077@gmail.com
Gussie,Bergnaum,330-15-1864,com.github.javafaker.Name@a2dfad@gmail.com
Lucius,Bashirian,567-46-8198,com.github.javafaker.Name@7c011174@gmail.com
Jennie,Hermann,682-13-8521,com.github.javafaker.Name@2b5f8e61@gmail.com
Alfred,Fisher,583-61-9372,com.github.javafaker.Name@3673e211@gmail.com
Barney,Lubowitz,723-58-5335,com.github.javafaker.Name@299e245c@gmail.com
Refugio,Champlin,836-78-5789,com.github.javafaker.Name@6701fbf3@gmail.com
Diego,Mosciski,302-60-2784,com.github.javafaker.Name@28bbac99@gmail.com
Rima,Dooley,769-79-5106,com.github.javafaker.Name@10d60285@gmail.com
Cherise,Terry,710-48-8549,com.github.javafaker.Name@2c05ff9d@gmail.com
Tricia,Mills,264-93-9036,com.github.javafaker.Name@7c011174@gmail.com
Particia,Nienow,726-18-8561,com.github.javafaker.Name@66b6873f@gmail.com
Milly,Willms,757-92-6341,com.github.javafaker.Name@3fa50a24@gmail.com
Kitty,Casper,506-54-9908,com.github.javafaker.Name@24c7b944@gmail.com
Martine,Waelchi,531-37-4889,com.github.javafaker.Name@3bad0efd@gmail.com
Demetria,Conroy,743-36-1950,com.github.javafaker.Name@5d7e9c4d@gmail.com
Thomas,Wintheiser,105-58-5403,com.github.javafaker.Name@773a45bd@gmail.com
Adaline,Hilpert,542-42-5071,com.github.javafaker.Name@2c05ff9d@gmail.com
Daine,Spinka,261-92-4157,com.github.javafaker.Name@2c05ff9d@gmail.com
Mitchell,Langosh,689-62-1858,com.github.javafaker.Name@2c05ff9d@gmail.com
Stephenie,Ondricka,801-39-3129,com.github.javafaker.Name@2c05ff9d@gmail.com
Marlen,Hansen,318-54-8364,com.github.javafaker.Name@2c05ff9d@gmail.com
Charley,Little,653-42-9628,com.github.javafaker.Name@2c05ff9d@gmail.com
Donna,Bruen,231-27-8998,com.github.javafaker.Name@2c05ff9d@gmail.com
Rolf,White,560-77-8170,com.github.javafaker.Name@2c05ff9d@gmail.com
Cassy,Hickle,783-51-9528,com.github.javafaker.Name@2c05ff9d@gmail.com
Leoma,Larson,386-65-1441,com.github.javafaker.Name@7c011174@gmail.com
Jenifer,Connelly,476-61-3153,com.github.javafaker.Name@1bec1589@gmail.com
jojo,white,234-23-3456,yaktas@gmail.com
Jacinto,Schuster,654-04-0271,stewart.walker@example.com
Maryjo,Rolfson,775-37-3474,com.github.javafaker.Name@2c05ff9d@gmail.com
Robert,Sabin,595-11-9461,infor@gmail.com
Sherley,Weber,194-20-1563,jenine.oconner@yahoo.com
Robert,Sabin,274-27-3830,infor@gmail.com
Robert,Sabin,286-88-7281,infor@gmail.com
Shad,Murphy,133-83-3669,com.github.javafaker.Name@2c05ff9d@gmail.com
Robert,Sabin,813-60-2582,infor@gmail.com
Irvin,Graham,646-66-9290,com.github.javafaker.Name@2c05ff9d@gmail.com
Nelida,Johnston,161-84-6584,chance.feeney@gmail.com
Kirstin,Pacocha,262-65-1765,com.github.javafaker.Name@75e27856@gmail.com
Roni,Schiller,787-04-3280,margarito.bechtelar@hotmail.com
Loreen,Sauer,237-25-2133,com.github.javafaker.Name@2c05ff9d@gmail.com
Ira,Ondricka,279-79-1370,com.github.javafaker.Name@2c05ff9d@gmail.com
Davis,Cronin,115-29-8975,com.github.javafaker.Name@2c05ff9d@gmail.com
Sydney,Hills,299-65-4042,com.github.javafaker.Name@2c05ff9d@gmail.com
Annamae,Roob,438-25-4582,com.github.javafaker.Name@2c05ff9d@gmail.com
Adam,Walsh,254-57-7886,com.github.javafaker.Name@2c05ff9d@gmail.com
Donnell,Hills,384-51-9112,com.github.javafaker.Name@2c05ff9d@gmail.com
Marguerita,Altenwerth,150-30-1536,com.github.javafaker.Name@346690d6@gmail.com
Tanesha,Dickens,104-15-6121,com.github.javafaker.Name@2f154d9b@gmail.com
Tina,Sauer,365-22-3357,com.github.javafaker.Name@365ad794@gmail.com
Jere,Witting,171-91-5238,com.github.javafaker.Name@7c011174@gmail.com
Jeremy,Block,528-67-3587,com.github.javafaker.Name@2c05ff9d@gmail.com
Dudley,Farrell,861-36-7411,com.github.javafaker.Name@2c05ff9d@gmail.com
Tonita,Murray,373-65-5566,com.github.javafaker.Name@7c011174@gmail.com
Nell,Block,156-13-8866,joel.collins@example.com
Orval,Koss,215-84-5745,zona.mills@example.com
hagi,tuudor,159-25-4563,hg@gmail.com
aaa,aa,888-55-4444,aa
Robert,Sabin,208-18-7613,infor@gmail.com
Newton,Reichert,620-65-5919,roma.watsica@hotmail.com
Davida,Zboncak,724-33-7198,com.github.javafaker.Name@75e27856@gmail.com
Rene,O'Keefe,718-19-7480,com.github.javafaker.Name@75e27856@gmail.com
Euna,Lehner,588-12-3746,com.github.javafaker.Name@75e27856@gmail.com
Shannon,Kuhlman,659-57-7670,com.github.javafaker.Name@75e27856@gmail.com
Heriberto,Leffler,392-94-2821,com.github.javafaker.Name@75e27856@gmail.com
Eugena,Bartoletti,856-06-2447,daniela.jerde@hotmail.com
Ivory,Terry,525-55-3681,com.github.javafaker.Name@bbd4791@gmail.com
Eboni,Monahan,149-67-9179,com.github.javafaker.Name@6f231ced@gmail.com
Linsey,Deckow,330-82-5600,com.github.javafaker.Name@28ce75ec@gmail.com
Charmain,Beier,452-11-9779,com.github.javafaker.Name@155318b5@gmail.com
Deon,Bechtelar,161-79-4859,com.github.javafaker.Name@6b4376e1@gmail.com
Zofia,Gorczany,635-17-1178,com.github.javafaker.Name@3c8a7e38@gmail.com
Lynwood,Roberts,218-37-6937,com.github.javafaker.Name@28ce75ec@gmail.com
Nicky,Casper,197-53-1753,com.github.javafaker.Name@50628080@gmail.com
Fay,Jones,149-19-3360,rutha.luettgen@example.com
Abraham,Huels,771-15-9642,dana.mclaughlin@example.com
Myrtle,Kreiger,152-85-2781,vanetta.schaden@example.com
Omer,Gislason,622-32-5979,anamaria.kulas@example.com
Morris,Tremblay,898-37-7819,andre.hegmann@example.com
Team17,Proteam,423-12-1244,newx03@gmail.com
Brooke,Satterfield,173-66-5835,com.github.javafaker.Name@1a5b7394@gmail.com
Jodee,Greenfelder,531-39-4810,com.github.javafaker.Name@3e8afc2d@gmail.com
Leif,Gutmann,262-27-2238,com.github.javafaker.Name@6662974a@gmail.com
Michael,McDermott,448-71-7734,com.github.javafaker.Name@29cd3f9f@gmail.com
Otto,Sawayn,356-41-5674,com.github.javafaker.Name@1bec1589@gmail.com
Erik,Hackett,480-70-2354,com.github.javafaker.Name@7c011174@gmail.com
Charlene,Ritchie,364-21-2763,com.github.javafaker.Name@4cb4c4cc@gmail.com
Lela,Abernathy,574-73-7638,com.github.javafaker.Name@4ddb9a8@gmail.com
Hung,Lynch,198-90-1602,com.github.javafaker.Name@7c011174@gmail.com
Clinton,Schulist,858-65-7848,com.github.javafaker.Name@6115846e@gmail.com
Thomas,Osinski,723-71-8035,com.github.javafaker.Name@8aa1562@gmail.com
Brendan,Buckridge,248-78-8103,com.github.javafaker.Name@5080c40e@gmail.com
Jerold,Kerluke,106-45-1481,com.github.javafaker.Name@7a8d001b@gmail.com
Bell,Kovacek,637-23-8408,com.github.javafaker.Name@60157589@gmail.com
Wen,Lubowitz,152-72-2135,com.github.javafaker.Name@365ad794@gmail.com
Jacklyn,Bernhard,212-53-7599,com.github.javafaker.Name@2c05ff9d@gmail.com
Jamal,Ankunding,295-13-4126,com.github.javafaker.Name@2c05ff9d@gmail.com
Francesco,Barton,557-55-7990,com.github.javafaker.Name@794366a5@gmail.com
Robin,Veum,253-16-8774,com.github.javafaker.Name@1bec1589@gmail.com
Melody,Padberg,521-30-6917,com.github.javafaker.Name@5c70c771@gmail.com
Mathilde,Reilly,728-45-6595,com.github.javafaker.Name@44233014@gmail.com
Vance,Hickle,564-86-8358,com.github.javafaker.Name@6701fe26@gmail.com
Ruth,Toy,283-69-3890,com.github.javafaker.Name@4613274d@gmail.com
Daniell,Zboncak,835-14-9115,com.github.javafaker.Name@c421318@gmail.com
Chin,MacGyver,192-20-4716,com.github.javafaker.Name@33956d1a@gmail.com
Alfonso,Hamill,596-67-6802,com.github.javafaker.Name@33956d1a@gmail.com
Chris,Stiedemann,531-54-8483,com.github.javafaker.Name@33956d1a@gmail.com
Louie,Prosacco,629-53-8571,com.github.javafaker.Name@33956d1a@gmail.com
King,Kunze,386-94-9664,com.github.javafaker.Name@33956d1a@gmail.com
Clark,Metz,425-50-2024,com.github.javafaker.Name@33956d1a@gmail.com
Cuc,Bailey,473-91-7904,com.github.javafaker.Name@794366a5@gmail.com
Louann,Barrows,492-50-4639,com.github.javafaker.Name@70cf7d1e@gmail.com
Long,Schroeder,736-46-4427,com.github.javafaker.Name@4e67e090@gmail.com
Alla,Carter,565-89-9773,com.github.javafaker.Name@2e53f980@gmail.com
Larissa,Goodwin,566-42-1456,com.github.javafaker.Name@1107cbd8@gmail.com
Jessie,Cronin,406-69-1427,com.github.javafaker.Name@364178de@gmail.com
Shenita,Waelchi,876-58-1127,com.github.javafaker.Name@162be846@gmail.com
asim,Bul,147-25-3690,asimbul@gmail.com
Robby,McGlynn,320-62-5317,com.github.javafaker.Name@794366a5@gmail.com
Jamar,Hand,309-17-7179,com.github.javafaker.Name@70cf7d1e@gmail.com
Lino,Klocko,222-61-8501,com.github.javafaker.Name@bb38c49@gmail.com
Lester,Bruen,338-18-9534,com.github.javafaker.Name@346690d6@gmail.com
Dominick,Schuppe,262-39-2141,com.github.javafaker.Name@33956d1a@gmail.com
Lynna,Corwin,307-87-6490,com.github.javafaker.Name@33956d1a@gmail.com
Laurel,Kirlin,400-38-6107,com.github.javafaker.Name@57db81e2@gmail.com
Daysi,Reinger,293-33-9086,com.github.javafaker.Name@2f154d9b@gmail.com
Ellsworth,McLaughlin,698-81-7226,com.github.javafaker.Name@315203b1@gmail.com
Isaac,Halvorson,637-15-7093,com.github.javafaker.Name@147058d0@gmail.com
Dylan,Kub,714-15-6651,keena.turner@example.com
Samual,Hoeger,592-63-5939,oswaldo.wyman@example.com
Jean,Dach,090-22-1610,oren.bradtke@example.com
Adrian,Wyman,410-43-8959,pat.vonrueden@example.com
Mui,DuBuque,777-72-7620,alpha.hoeger@example.com
Lindsey,Hoppe,825-98-7049,kasi.reichel@example.com
Seth,Jacobson,080-61-0655,ray.shields@example.com
Roberta,Toy,577-08-3287,lorette.smith@example.com
Donte,Mayert,860-43-8557,hermina.hirthe@example.com
Modesto,Kunde,414-45-4991,com.github.javafaker.Name@758311ed@gmail.com
Manual,Wintheiser,477-24-1032,com.github.javafaker.Name@bbd4791@gmail.com
Garret,Dach,299-54-7678,com.github.javafaker.Name@3c8a7e38@gmail.com
Jack,Dibbert,290-69-2015,com.github.javafaker.Name@28ce75ec@gmail.com
Haydee,Rogahn,781-61-1222,com.github.javafaker.Name@6b4376e1@gmail.com
Florentino,Hettinger,126-19-4947,com.github.javafaker.Name@57f9f387@gmail.com
Garfield,Bradtke,709-20-2971,com.github.javafaker.Name@43051a8d@gmail.com
Kyong,Cummerata,509-22-6437,com.github.javafaker.Name@11eb8842@gmail.com
Jody,Nicolas,704-43-7269,com.github.javafaker.Name@344d6bb3@gmail.com
Jarvis,VonRueden,297-28-4263,com.github.javafaker.Name@3554de46@gmail.com
Steven,Franecki,240-70-3993,com.github.javafaker.Name@5639a80c@gmail.com
Greg,Nader,842-67-7687,com.github.javafaker.Name@2142b70d@gmail.com
Leota,Predovic,644-53-3530,com.github.javafaker.Name@2a43e0ac@gmail.com
Emanuel,Roberts,889-15-3029,com.github.javafaker.Name@3b353651@gmail.com
Bridgette,Hammes,380-15-1112,com.github.javafaker.Name@5ba03c82@gmail.com
Joel,Beer,156-87-3867,com.github.javafaker.Name@1e57b783@gmail.com
Lashunda,Roberts,616-39-7990,com.github.javafaker.Name@3cc7cf58@gmail.com
Sharlene,Powlowski,366-28-5791,com.github.javafaker.Name@151391ad@gmail.com
Marilynn,Berge,802-56-7722,com.github.javafaker.Name@5642ab4f@gmail.com
picky,boo,876-55-0001,picky@gmail.com
Monty,Homenick,867-79-9512,com.github.javafaker.Name@453de9d0@gmail.com
mus,teri,354-54-9876,musteri.17@team.com
Robert,Sabin,176-38-9429,infor@gmail.com
cxevat,sdf,458-25-7854,sdjfg@gmil.com
Jeremy,Bednar,016-21-6683,natosha.sanford@example.com
Edie,Davis,028-31-8307,saturnina.leffler@example.com
Jackson,Maggio,018-52-7877,isidro.schultz@example.com
Phyllis,Senger,368-04-7583,laraine.thompson@example.com
Rudolf,Crona,449-53-8542,sharell.sporer@example.com
Maricela,Dietrich,850-79-3569,lily.hilll@example.com
Claudette,Kautzer,504-65-9005,com.github.javafaker.Name@3f6404aa@gmail.com
Glenn,Kuphal,500-48-9483,com.github.javafaker.Name@2ceee4b6@gmail.com
Xavier,Treutel,233-19-8834,com.github.javafaker.Name@1c7108e@gmail.com
Stan,Bernhard,603-86-7345,com.github.javafaker.Name@155318b5@gmail.com
Toney,Runte,570-49-6422,com.github.javafaker.Name@4a24170b@gmail.com
Krystle,Bernier,631-64-3988,com.github.javafaker.Name@31183ee2@gmail.com
Janee,Hills,109-64-6676,com.github.javafaker.Name@34766f4b@gmail.com
Maisie,Bauch,215-91-9588,com.github.javafaker.Name@45fdd38d@gmail.com
Francene,Conroy,634-29-5962,com.github.javafaker.Name@2142b70d@gmail.com
Marlin,Hodkiewicz,143-38-3569,com.github.javafaker.Name@5642ab4f@gmail.com
Donya,Beahan,561-90-5899,com.github.javafaker.Name@53086bdc@gmail.com
Frida,Quigley,385-54-2150,com.github.javafaker.Name@303ea430@gmail.com
Tamera,Lesch,530-35-7488,com.github.javafaker.Name@2e3e587@gmail.com
Laurene,Huels,770-66-2862,com.github.javafaker.Name@4435c9b9@gmail.com
Ellie,Koelpin,630-62-2011,com.github.javafaker.Name@207f9843@gmail.com
Glayds,Streich,875-86-0607,kathline@hotmail.com
Frederick,Williamson,450-56-4978,com.github.javafaker.Name@2c05ff9d@gmail.com
myCustomer1,Williamson,559-60-7219,Name1@gmail.com
Julianna,Connelly,197-15-9962,JuliannaConnelly@gmail.com
00001customer,gdgfd,111-12-1112,candance.bernier@hotmail.col
Hey,Hayat,575-86-8599,hayat@gmail.com
Daniel,Weber,123-06-0661,daniel@gmail.com
Jan,Rowe,581-68-9037,JanRowe@gmail.com
Sammie,Kemmer,550-59-3449,SammieKemmer@gmail.com
Kassandra,Runolfsson,618-32-3493,KassandraRunolfsson@gmail.com
bekir,Wlilliamson,450-56-4955,team15@gmail.com
bekir,Wlilliamson,450-56-4956,team15@gmail.com
Trinidad,Lowe,426-33-6082,com.github.javafaker.Name@1934ad7c@gmail.com
werty,werty,080-80-8087,werty020@gmail.com
April,Wisoky,623-35-7654,com.github.javafaker.Name@5d706283@gmail.com
Jimmie,Bayer,461-84-4241,com.github.javafaker.Name@33956d1a@gmail.com
Domitila,Gusikowski,869-19-9031,com.github.javafaker.Name@33956d1a@gmail.com
Williams,Koss,210-32-7774,com.github.javafaker.Name@794366a5@gmail.com
Fidel,Cremin,364-52-4852,com.github.javafaker.Name@1bec1589@gmail.com
Roman,Sawayn,114-15-4612,com.github.javafaker.Name@6888a33@gmail.com
Roselle,Goldner,769-72-6759,com.github.javafaker.Name@6ac49084@gmail.com
Jack,Stoltenberg,592-15-3176,com.github.javafaker.Name@18fb5226@gmail.com
Roman,Denesik,510-78-9746,com.github.javafaker.Name@33956d1a@gmail.com
Stefan,Veum,370-42-6928,com.github.javafaker.Name@33956d1a@gmail.com
Jaymie,Jones,644-71-2691,com.github.javafaker.Name@33956d1a@gmail.com
Willian,Maggio,795-21-7312,com.github.javafaker.Name@33956d1a@gmail.com
Billie,Russel,587-69-3672,com.github.javafaker.Name@33956d1a@gmail.com
Love,Wolff,624-93-1741,com.github.javafaker.Name@33956d1a@gmail.com
Mary,Ankunding,205-63-7088,com.github.javafaker.Name@33956d1a@gmail.com
Olen,Goodwin,745-51-3452,com.github.javafaker.Name@33956d1a@gmail.com
Augustine,Runolfsson,178-81-5341,com.github.javafaker.Name@33956d1a@gmail.com
Dorie,Reichert,783-13-3889,com.github.javafaker.Name@33956d1a@gmail.com
Tegan,Gerhold,532-51-4843,com.github.javafaker.Name@33956d1a@gmail.com
Lavern,Kutch,276-36-5301,com.github.javafaker.Name@3e0fbeb5@gmail.com
Keith,Kuhlman,871-66-2596,com.github.javafaker.Name@3e0fbeb5@gmail.com
Brittny,Bailey,588-23-9713,com.github.javafaker.Name@33956d1a@gmail.com
Rod,Walker,151-14-9402,com.github.javafaker.Name@33956d1a@gmail.com
Joe2,White2,323-42-2121,yaktas4@gmail.com
Kareem,Skiles,416-19-3623,com.github.javafaker.Name@3e0fbeb5@gmail.com
Kary,Ankunding,424-49-6012,com.github.javafaker.Name@33956d1a@gmail.com
Rodrick,Maggio,702-34-5934,com.github.javafaker.Name@33956d1a@gmail.com
Milford,Glover,595-42-5318,com.github.javafaker.Name@3e0fbeb5@gmail.com
Darrin,Hamill,234-58-2276,com.github.javafaker.Name@33956d1a@gmail.com
Shiloh,Turner,725-92-4293,com.github.javafaker.Name@3e0fbeb5@gmail.com
Leta,Anderson,749-66-5058,com.github.javafaker.Name@33956d1a@gmail.com
Elizebeth,Ankunding,630-70-5514,com.github.javafaker.Name@7c011174@gmail.com
Bettie,Jakubowski,597-44-9238,com.github.javafaker.Name@58fbcb71@gmail.com
Sally,Bergstrom,126-71-1386,com.github.javafaker.Name@3a42145@gmail.com
Bula,Legros,564-95-6070,com.github.javafaker.Name@6b5c4b75@gmail.com
Billie,McGlynn,700-58-1883,com.github.javafaker.Name@6311640d@gmail.com
Sona,McDermott,704-37-3451,com.github.javafaker.Name@b536551@gmail.com
Drucilla,Hudson,128-40-2679,com.github.javafaker.Name@72dfac2e@gmail.com
Gary,Stoltenberg,402-33-6507,com.github.javafaker.Name@7c011174@gmail.com
Craig,Lemke,837-17-4269,com.github.javafaker.Name@6115846e@gmail.com
Noah,Greenfelder,722-34-6297,com.github.javafaker.Name@8aa1562@gmail.com
Patricia,Prohaska,209-78-7409,com.github.javafaker.Name@5f1eff72@gmail.com
Martin,Auer,169-16-8275,com.github.javafaker.Name@531bffd@gmail.com
Shelby,Kiehn,357-24-4353,com.github.javafaker.Name@5f76d1a0@gmail.com
Madaline,Turner,254-28-4303,com.github.javafaker.Name@2c05ff9d@gmail.com
Louisa,Reynolds,742-72-7316,com.github.javafaker.Name@2c05ff9d@gmail.com
Crista,Moen,579-65-1505,com.github.javafaker.Name@7c011174@gmail.com
Nigel,Roob,216-83-6714,com.github.javafaker.Name@6115846e@gmail.com
Austin,Rodriguez,567-91-2558,com.github.javafaker.Name@8aa1562@gmail.com
Marielle,Mitchell,452-11-2537,com.github.javafaker.Name@5f1eff72@gmail.com
Jerold,Gerlach,801-27-7340,com.github.javafaker.Name@531bffd@gmail.com
Justin,Cormier,886-40-5160,com.github.javafaker.Name@5f76d1a0@gmail.com
Carroll,Hayes,144-61-6302,com.github.javafaker.Name@2c05ff9d@gmail.com
Nathanael,Terry,693-57-3716,com.github.javafaker.Name@7c011174@gmail.com
Hortencia,Feeney,586-38-7035,com.github.javafaker.Name@6115846e@gmail.com
Desmond,Walsh,519-18-1837,com.github.javafaker.Name@8aa1562@gmail.com
Latonya,Hauck,326-73-7495,com.github.javafaker.Name@5f1eff72@gmail.com
Norberto,Kertzmann,747-70-1168,com.github.javafaker.Name@531bffd@gmail.com
Gregory,Brown,685-71-1598,com.github.javafaker.Name@5710598e@gmail.com
Janella,Kassulke,715-73-7867,com.github.javafaker.Name@1953197a@gmail.com
Robert,Sabin,397-59-9031,infor@gmail.com
Robert,Sabin,681-23-2978,infor@gmail.com
Sumiko,Berge,715-06-3217,augustus.shields@example.com
Kaitlyn,Emard,509-96-7065,sonja.streich@example.com
Otha,Prohaska,715-22-3805,shawn.bechtelar@example.com
Herta,Conroy,351-46-1029,von.hettinger@example.com
Willena,Goldner,637-15-7226,corene.brakus@example.com
sdaf,asdf,654-65-3285,ssa@gd.com
Ronda,Harvey,532-51-7226,com.github.javafaker.Name@75e27856@gmail.com
Mercy,Hoppe,878-20-3248,com.github.javafaker.Name@bbd4791@gmail.com
Clayton,Raynor,721-21-1160,com.github.javafaker.Name@28ce75ec@gmail.com
Jermaine,Cormier,897-48-1700,com.github.javafaker.Name@5312940c@gmail.com
Mitchell,Turcotte,811-56-8729,com.github.javafaker.Name@3c8a7e38@gmail.com
Cecille,Goldner,290-50-5078,com.github.javafaker.Name@14cb5250@gmail.com
Michael,Harzer,342-21-2352,michaelharzer@gmail.com
Brian,Kertzmann,172-06-8756,valentin.macgyver@example.com
Fritz,Littel,214-27-7624,chase.white@example.com
Robert,Sabin,703-34-2733,infor@gmail.com
Robert,Sabin,761-44-7052,infor@gmail.com
Jesse,Abshire,495-49-0352,zane.schimmel@example.com
Hector,Lindgren,217-73-9993,martin.kirlin@example.com
Conrad,McKenzie,104-03-5720,kerstin.halvorson@example.com
Sammy,Bergstrom,250-51-0534,briana.white@example.com
Wonda,Hackett,891-88-8115,lester.bergstrom@example.com
Carlos,Effertz,021-45-5117,yoko.keeling@example.com
bill,will,624-62-6314,as@fv.com
Charmaine,Ryan,686-46-5005,com.github.javafaker.Name@75e27856@gmail.com
Norris,Orn,816-10-0705,renato.cronin@example.com
Leslie,Runte,294-33-4013,com.github.javafaker.Name@3c8a7e38@gmail.com
Ricky,Streich,448-36-2702,com.github.javafaker.Name@155318b5@gmail.com
Rubin,Sipes,685-16-4389,com.github.javafaker.Name@703483c2@gmail.com
Emerald,Franecki,867-54-3192,com.github.javafaker.Name@28ce75ec@gmail.com
Garland,Erdman,558-27-5763,com.github.javafaker.Name@155318b5@gmail.com
Kallie,Macejkovic,457-47-7629,maynard.borer@example.com
asdf,asdf,123-45-6780,sdfh
Donn,Luettgen,351-11-1575,com.github.javafaker.Name@38dbeb39@gmail.com
Noble,Mitchell,176-57-6330,com.github.javafaker.Name@3b353651@gmail.com
Elly,Cruickshank,108-58-9116,com.github.javafaker.Name@31183ee2@gmail.com
Earle,Marks,176-59-9191,com.github.javafaker.Name@3b353651@gmail.com
Marty,Berge,552-38-9436,com.github.javafaker.Name@45fdd38d@gmail.com
Larhonda,Jaskolski,493-21-4460,com.github.javafaker.Name@29cd3f9f@gmail.com
Patience,Littel,844-77-3979,com.github.javafaker.Name@341c8f67@gmail.com
Janella,Farrell,622-47-3131,JanellaFarrell@gmail.com
Tamatha,Schmitt,334-49-4818,com.github.javafaker.Name@34766f4b@gmail.com
Emmanuel,Koch,658-46-8632,com.github.javafaker.Name@35d114f4@gmail.com
Latashia,Schneider,745-42-1181,com.github.javafaker.Name@195888a6@gmail.com
Leone,Gorczany,665-39-5085,com.github.javafaker.Name@11a9f958@gmail.com
Dan,Crist,712-28-5525,com.github.javafaker.Name@4bca8be2@gmail.com
Dina,Gottlieb,778-76-9035,com.github.javafaker.Name@1c72366e@gmail.com
Carie,Weber,712-13-4559,com.github.javafaker.Name@28459ab8@gmail.com
Ozlem,Deveci,777-55-3322,ozlemdee7@gmail.com
Hans,Müller,555-22-8654,hansmuller@hotmail.com
Otha,Weber,102-12-4922,com.github.javafaker.Name@31183ee2@gmail.com
Gussie,Hane,543-20-3410,com.github.javafaker.Name@57859e2c@gmail.com
Burl,Kling,720-82-6977,com.github.javafaker.Name@4bc40cb8@gmail.com
Steve,Job,291-58-8453,stevejob@hotmail.com
Adem,Ademoglu,145-76-9874,ademademoglu@hotmail.com
Reita,Schinner,653-34-3975,kieth@hotmail.com
Techpro14,Techpro14,546-74-9737,techpro14customer@gmail.com
emre,cihan,129-23-9834,emrecihan@gmail.com
myCustomer1,Williamson,797-23-4483,Name1@gmail.com
Millard,Kassulke,057-99-0220,MillardKassulke@gmail.com
Alper,Can,158-58-7414,alpercan@gmail.com
Danny,Ankunding,032-86-2977,andy.bergstrom@gmail.com
Flrederick,Wlilliamson,450-56-4941,Name54@2c05ff9d@gmail.com
Rima,Welch,813-67-9338,RimaWelch@gmail.com
Bulah,Anderson,706-84-5705,carlotta.volkman@hotmail.com
Miguel,Brekke,429-68-9123,wesley.cummerata@hotmail.com
Andy,Thiel,699-33-4339,darrin.witting@gmail.com
Richie,Kuhn,708-16-6924,RichieKuhn@gmail.com
Grant,Ullrich,445-47-0760,GrantUllrich@gmail.com
Laronda,Goodwin,415-23-5925,LarondaGoodwin@gmail.com
Heath,Friesen,832-57-6613,alyce.rodriguez@gmail.com
Enoch,Torp,601-91-1385,EnochTorp@gmail.com
Cristi,Leannon,443-53-9105,cristileannon@gmail.com
Doug,Borer,749-60-2573,dougborer@gmail.com
Allyson,Robel,621-37-8789,allysonrobel@gmail.com
Virgil,Rippin,520-52-3347,virgilrippin@gmail.com
Lavonda,Reichel,013-32-9696,lavondareichel@gmail.com
Hans,Müller,241-17-1414,hansmuller113@hotmail.com
Shea,Greenfelder,749-16-2044,sheagreenfelder@gmail.com
Garland,Thiel,329-36-6507,garlandthiel@gmail.com
Omar,Jones,894-42-1787,omarjones@gmail.com
Elliot,Bartoletti,431-30-2121,elliotbartoletti@gmail.com
Thad,Doyle,575-13-7404,thaddoyle@gmail.com
Lavonne,DuBuque,641-24-1315,lavonnedubuque@gmail.com
Meghann,Runolfsdottir,824-45-6659,meghannrunolfsdottir@gmail.com
Robert,Sabin,727-35-5293,infor@gmail.com
Gus,Brakus,696-85-2169,gusbrakus@gmail.com
Brant,Wintheiser,652-53-4268,brantwintheiser@gmail.com
Marla,Lowe,873-56-2240,marlalowe@gmail.com
Anisa,Spinka,288-99-7718,anisaspinka@gmail.com
Ezekiel,Hoppe,712-10-1817,ezekielhoppe@gmail.com
Catherine,Tillman,275-44-7219,catherinetillman@gmail.com
Maryellen,Kemmer,309-75-3963,cordia.corkery@gmail.com
fcostumer,Öder,123-58-7954,salihder@gmail.com
hasan,basri,753-58-6548,hasanbasri@hotmail.com
US11,Team13,458-62-6984,as@sdf.com
Carlos,Valder,222-18-1333,valdercarlos1@hotmail.com
werty,werty,345-45-4374,wert87@gmail.com
Mehmet,Fedai,532-35-1883,meh123@gmail.com
Alper,Caner,158-85-7414,alpercaner@gmail.com
Emre,Cihanbeyoglu,234-11-9991,mrcihanbeyoglu@gmail.com
Robert,Sabin,402-37-9649,infor@gmail.com
Robert,Sabin,121-58-3191,infor@gmail.com
Robert,Sabin,799-13-4090,infor@gmail.com
Matilde,Tillman,318-80-3187,com.github.javafaker.Name@3fbe503c@gmail.com
Candi,Kertzmann,491-27-1190,com.github.javafaker.Name@4544ab46@gmail.com
Muriel,Kozey,696-53-9484,com.github.javafaker.Name@5b697993@gmail.com
Wilfredo,Robel,141-77-9229,com.github.javafaker.Name@10387d6d@gmail.com
Donnette,Connelly,281-77-8783,com.github.javafaker.Name@3b3d7eb6@gmail.com
Luther,Kunze,669-53-4425,com.github.javafaker.Name@3232dbf8@gmail.com
Steve,Bashirian,238-49-9861,com.github.javafaker.Name@524d246f@gmail.com
Allene,Ullrich,101-15-8532,com.github.javafaker.Name@3b353651@gmail.com
Sunni,Erdman,594-86-2920,com.github.javafaker.Name@28da5c4d@gmail.com
Donya,Bartoletti,349-19-7155,com.github.javafaker.Name@2f8ede54@gmail.com
Sang,Bauch,794-23-1380,com.github.javafaker.Name@79a8b897@gmail.com
Darnell,Halvorson,356-24-7299,com.github.javafaker.Name@2712bbab@gmail.com
Jordan,Boyer,482-37-2543,com.github.javafaker.Name@43af156a@gmail.com
Lynette,Mitchell,291-87-5940,com.github.javafaker.Name@3b353651@gmail.com
Youlanda,VonRueden,225-66-1547,com.github.javafaker.Name@31183ee2@gmail.com
Eun,Kassulke,318-42-5988,com.github.javafaker.Name@4d73d3d1@gmail.com
Francie,Gottlieb,741-78-8462,com.github.javafaker.Name@29617475@gmail.com
Lawerence,Lockman,394-69-6532,com.github.javafaker.Name@6bb01b34@gmail.com
Nancy,Rau,132-87-4221,com.github.javafaker.Name@b6352a5@gmail.com
Ignacio,Schowalter,578-67-9567,com.github.javafaker.Name@2252c286@gmail.com
Odell,Ferry,847-86-4021,com.github.javafaker.Name@3b353651@gmail.com
Genie,Fay,733-28-6699,com.github.javafaker.Name@31183ee2@gmail.com
Roosevelt,Sawayn,026-41-9716,rooseveltsawayn@gmail.com
t37,customer,123-48-8884,t37customer@gmail.com
Arnoldo,Quitzon,335-22-8073,com.github.javafaker.Name@57859e2c@gmail.com
Elton,Blick,392-37-8658,com.github.javafaker.Name@341c8f67@gmail.com
Nada,Daniel,101-75-7418,com.github.javafaker.Name@4bc40cb8@gmail.com
werty,werty,345-45-4302,wert002@gmail.com
myCustomer,Williamson,450-55-4993,com.github.javafaker.Name@2c05ff9d@gmail.com
ozgur,cil,567-23-4190,ozgurcil90@gmai.com
Kermit,Marks,826-36-9334,ruthe.homenick@hotmail.com
Winter,Yilmaz,579-57-5791,winter@gmail.com
Angeles,Weimann,439-99-6519,dorine.leffler@gmail.com
Flrederick,Wlilliamson,450-56-4940,Name54@2c05ff9d@gmail.com
bekir,Wlilliamson,450-56-4942,team15@gmail.com
Elly,Champlin,040-72-3496,EllyChamplin@gmail.com
Oliver,Mayer,305-73-8236,OliverMayer@gmail.com
Erika,Greenholt,207-42-0485,arthur.stokes@hotmail.com
Team02,Europe,842-73-9072,team02@gmail.com
Hulda,Veum,521-92-9258,angelo.ferry@hotmail.com
Alan,Becker,007-31-5360,emory.stokes@hotmail.com
Lawanda,Gutmann,026-40-3012,alton.strosin@hotmail.com
Seymour,Abernathy,800-23-7396,mohamed.kutch@yahoo.com
Tarra,Adams,465-55-7862,TarraAdams@gmail.com
Claire,Lebsack,514-58-1059,ClaireLebsack@gmail.com
Carolin,Volkman,818-41-8445,raphael.schaefer@yahoo.com
Wen,Barrows,812-78-3816,samual.wehner@gmail.com
Trinh,Hartmann,164-72-0095,TrinhHartmann@gmail.com
Kimbra,Homenick,526-76-0530,KimbraHomenick@gmail.com
Jay,Herman,752-13-4529,JayHerman@gmail.com
Paula,Dicki,263-41-3235,PaulaDicki@gmail.com
Isreal,Schuster,005-91-6848,IsrealSchuster@gmail.com
Marion,McDermott,873-79-9467,MarionMcDermott@gmail.com
Bruce,Spinka,862-76-8255,brucespinka@gmail.com
Marna,Douglas,079-81-6909,marnadouglas@gmail.com
Manuel,Gleason,302-08-7959,manuelgleason@gmail.com
Angelina,Cremin,217-98-2621,angelinacremin@gmail.com
Leida,Stark,603-91-3273,leidastark@gmail.com
Dovie,Waelchi,441-25-8119,doviewaelchi@gmail.com
Norah,Abshire,355-15-9490,norahabshire@gmail.com
Jannette,Lynch,347-18-5604,jannettelynch@gmail.com
Eldon,Walker,292-31-5656,eldonwalker@gmail.com
Eleonor,Jast,421-43-2538,eleonorjast@gmail.com
Latarsha,Turner,198-43-3843,latarshaturner@gmail.com
Arnold,Abshire,545-93-8565,arnoldabshire@gmail.com
Hans,Müller,241-18-1414,hansmuller114@hotmail.com
Allene,Breitenberg,115-77-7111,allenebreitenberg@gmail.com
customer,customer,137-42-0765,cus32@gmail.com
Lavina,Altenwerth,710-29-3891,com.github.javafaker.Name@4435c9b9@gmail.com
werty,werty,345-45-4303,wert003@gmail.com
ahmet,gulec,123-12-1239,guleachmetyasin@gmail.com
myCustomer,Williamson,450-65-4993,Name@gmail.com
Von,Keebler,194-98-5300,everette.batz@gmail.com
Lorretta,Bruen,186-39-6510,kari.lesch@hotmail.com
Elmer,Fay,050-70-8182,sybil.lehner@yahoo.com
Lazaro,Beier,786-11-5659,LazaroBeier@gmail.com
Alva,Altenwerth,412-31-4296,AlvaAltenwerth@gmail.com
Luther,Reinger,888-06-8380,sharell.bernhard@gmail.com
Elijah,Rosenbaum,453-64-5810,grayce.roberts@yahoo.com
Tobias,Cummerata,386-86-9846,chere.dooley@yahoo.com
Marlin,Batz,092-16-2497,carmelo.frami@yahoo.com
Ismael,Pfeffer,631-46-5601,anibal.mayert@gmail.com
Errol,Murray,586-35-4753,mohamed.koelpin@yahoo.com
Billie,Pollich,630-71-2586,BilliePollich@gmail.com
Johnnie,Johns,462-02-2455,JohnnieJohns@gmail.com
Carmelo,Deckow,231-14-9106,jean@hotmail.com
Diego,O'Hara,070-48-9374,DiegoO'Hara@gmail.com
Karima,Gleason,597-04-9024,KarimaGleason@gmail.com
Cory,Simonis,572-20-5103,CorySimonis@gmail.com
Chase,Feest,074-08-5833,ChaseFeest@gmail.com
Clyde,Stanton,639-34-9993,ClydeStanton@gmail.com
sd,sd,222-88-8889,dsd@gmail.com
Shemika,Jaskolski,567-63-6290,ShemikaJaskolski@gmail.com
Eulalia,Dicki,174-83-0531,eulaliadicki@gmail.com
Octavio,Adams,485-04-3896,octavioadams@gmail.com
Gerardo,Conroy,275-64-8150,gerardoconroy@gmail.com
Katelyn,Lockman,412-27-9710,katelynlockman@gmail.com
Marla,Kihn,445-33-2115,marlakihn@gmail.com
Wm,Oberbrunner,166-09-2919,wmoberbrunner@gmail.com
Young,Schiller,351-86-0828,youngschiller@gmail.com
Mable,Renner,298-17-8908,mablerenner@gmail.com
Hans,Müller,241-18-1314,hansmuller115@hotmail.com
Tamela,Douglas,238-72-2332,tameladouglas@gmail.com
Gregorio,McDermott,389-49-5950,gregoriomcdermott@gmail.com
Cathleen,Gleichner,649-19-9621,cathleengleichner@gmail.com
Mallory,Hand,499-65-1988,malloryhand@gmail.com
Wynell,Goodwin,201-06-2160,wynellgoodwin@gmail.com
Thad,Jacobs,280-44-9786,thadjacobs@gmail.com
Merrill,Botsford,080-05-4266,merrillbotsford@gmail.com
Ramona,Boyer,760-47-8600,ramonaboyer@gmail.com
Sonny,Schmidt,070-56-2550,sonnyschmidt@gmail.com
Kaycee,Hackett,780-34-2602,kayceehackett@gmail.com
Robert,Sabin,774-71-9489,infor@gmail.com
Jacob,Tromp,578-30-5729,jacobtromp@gmail.com
Michael,Roberts,826-41-8056,michaelroberts@gmail.com
Kaylee,VonRueden,794-90-5515,com.github.javafaker.Name@207f9843@gmail.com
Carlos,Valder,222-18-1444,valdercarlos11@hotmail.com
werty,werty,345-45-4375,wert88@gmail.com
Genoveva,Johnson,693-82-2610,genovevajohnson@gmail.com
Halit,Yaman,314-67-7653,yanbakan567@gmail.com
myCustomer,Williamson,470-65-4993,Name@gmail.com
hasan,basri,291-34-8300,hasanbasri@hotmail.com
myCustomer,Williamson,570-65-4993,Name@gmail.com
Mike,Michael,123-45-1900,mike@gmail.com
werty,werty,345-45-4305,wer005@gmail.com
Ranee,D'Amore,114-25-0246,RaneeD'Amore@gmail.com
Enola,Schinner,478-16-2460,dario.blanda@yahoo.com
Kennith,Ebert,500-10-6372,KennithEbert@gmail.com
Shawn,Grimes,696-71-2834,ShawnGrimes@gmail.com
Malorie,Lang,830-08-0042,MalorieLang@gmail.com
Tai,Rath,171-21-8835,TaiRath@gmail.com
Rod,Schmitt,145-54-2670,cassie@hotmail.com
Kerry,Lebsack,798-66-8413,christian.abshire@hotmail.com
Mohammad,Schmidt,608-19-0838,marshall.wintheiser@yahoo.com
Oralee,Huel,716-54-8183,catheryn.kemmer@hotmail.com
Cameron,Reichel,400-94-0935,dustin.hirthe@yahoo.com
Chester,Abshire,766-70-8160,rudolph.oconner@yahoo.com
Glen,Hartmann,001-23-0840,GlenHartmann@gmail.com
Quintin,Botsford,390-67-7420,QuintinBotsford@gmail.com
Thresa,Hessel,345-36-0090,ThresaHessel@gmail.com
Mirtha,Vandervort,708-69-0232,MirthaVandervort@gmail.com
Bridgett,Klein,242-50-9618,BridgettKlein@gmail.com
Miles,Conn,460-90-4662,MilesConn@gmail.com
Kortney,Mraz,077-13-5044,KortneyMraz@gmail.com
Joana,Brown,224-17-5005,JoanaBrown@gmail.com
Coleman,Parker,555-08-8241,ColemanParker@gmail.com
Ressie,Cronin,402-71-9855,RessieCronin@gmail.com
Jonie,Douglas,426-95-5946,JonieDouglas@gmail.com
Chauncey,Denesik,817-55-9224,ChaunceyDenesik@gmail.com
Alberto,Marvin,177-30-7274,AlbertoMarvin@gmail.com
Denis,Denesik,222-14-6719,DenisDenesik@gmail.com
Ronna,Gorczany,709-65-3114,ronnagorczany@gmail.com
Haley,Torphy,024-77-7680,haleytorphy@gmail.com
Gerald,Effertz,040-32-0647,geraldeffertz@gmail.com
Kenyatta,Haag,809-28-3608,kenyattahaag@gmail.com
Ron,Bosco,724-29-4209,ronbosco@gmail.com
Demo,Meeting,578-46-2399,demom1@gmail.com
Demo,Meeting,765-76-7657,bankers7@gmail.com
Denver,Klein,057-30-4829,dennis.mueller@yahoo.com
Penni,Cartwright,332-76-0365,edison.marquardt@hotmail.com
salih,onder,123-33-4449,salih@gmail.com
customer,customer,555-31-5555,customer31@gmail.com
dsds,dss,123-12-1234,dfdf
Lelah,Waelchi,802-92-2872,julio.connelly@gmail.com
Asa,Schmidt,357-68-1614,rich.erdman@hotmail.com
Meghann,PINK,589-36-0232,dannie.altenwerth@yahoo.com
Amber,Pacocha,325-06-9910,randy.hoppe@hotmail.com
werty,werty,345-45-4376,wert89@gmail.com
Corene,Harber,609-80-4637,moses.satterfield@hotmail.com
Jason,Heller,851-01-8508,carey.monahan@hotmail.com
Douglas,Becker,034-90-3565,cleopatra.steuber@gmail.com
Suzy,Miller,336-17-2430,farrah.mante@gmail.com
Herta,Kuhic,709-81-8304,ellis.bernier@hotmail.com
Rosendo,Orn,684-61-2571,rosendoorn@gmail.com
Logan,Maggio,057-63-8250,octavio.zboncak@gmail.com
Raisa,Tillman,859-83-4387,reagan.dach@yahoo.com
Lon,Morar,825-87-7524,reuben.vandervort@gmail.com
Reyes,Rogahn,372-74-8288,raphael.purdy@yahoo.com
Kerry,Pfannerstill,232-78-3042,matthew.boehm@yahoo.com
Nolan,Bartoletti,304-63-9260,tillie.aufderhar@gmail.com
Marty,Daugherty,500-26-8147,shaunna.schmitt@yahoo.com
Davis,Nolan,558-72-5256,davisnolan@gmail.com
Lorretta,Shields,646-13-0021,chase.keebler@gmail.com
Merrill,Bashirian,261-48-9404,merrillbashirian@gmail.com
Nathaniel,Considine,115-60-7240,anissa.cormier@hotmail.com
Sherlyn,Schaefer,510-41-8687,sherlynschaefer@gmail.com
Lilly,Brakus,621-08-6725,paris.nienow@gmail.com
Ariel,Emmerich,490-65-9976,hugh.dare@hotmail.com
Majorie,DuBuque,201-11-9899,lilla.fritsch@hotmail.com
Theron,Torphy,236-92-3173,therontorphy@gmail.com
Vern,Stark,518-04-5401,toney.kilback@gmail.com
Manual,Conroy,046-75-7979,manualconroy@gmail.com
Dan,Bernhard,507-85-2647,danbernhard@gmail.com
Rosalie,Ullrich,232-24-8107,rosalieullrich@gmail.com
Lynwood,Kohler,119-76-2549,lynwoodkohler@gmail.com
Fred,Hessel,876-43-5211,fredhessel@gmail.com
Martha,Schmitt,499-59-6203,marthaschmitt@gmail.com
Lou,Schmeler,738-61-7114,louschmeler@gmail.com
Dudley,King,349-74-1402,dudleyking@gmail.com
Kaley,O'Reilly,457-33-9541,kaleyo'reilly@gmail.com
Tad,Conroy,797-41-6375,tadconroy@gmail.com
Chante,Ferry,704-65-1737,kieth.windler@gmail.com
Eulah,Keeling,645-34-5495,eulahkeeling@gmail.com
Zachery,Hammes,101-45-3884,zacheryhammes@gmail.com
Paulene,Jones,330-73-0246,paulenejones@gmail.com
Letty,Ankunding,752-21-3464,lane.mueller@gmail.com
Ricardo,Funk,726-41-5995,mildred.langosh@hotmail.com
Felipe,Thompson,118-04-8539,junior.shields@yahoo.com
Ayse,Ak,777-44-6667,akca@gmail.com
Darron,Grant,357-94-8896,roderick.volkman@hotmail.com
Clement,Altenwerth,179-89-7145,birdie.schmitt@yahoo.com
employee,demo,687-87-4567,ghj@fgh.com
Matilda,Quitzon,281-06-0169,evelin.smith@hotmail.com
Lewis,Reichel,584-05-9172,jesusa.tillman@yahoo.com
Arlette,Mitchell,022-26-0402,phil.mertz@yahoo.com
Stacey,Medhurst,819-61-3414,kelley.hermann@gmail.com
dss,fsdf,112-23-4321,dsfdf
Kathaleen,Ratke,101-81-3801,kathaleenratke@gmail.com
Thi,Johnston,105-70-1669,thijohnston@gmail.com
Nadine,Roob,317-26-9000,nadineroob@gmail.com
Don,Keeling,629-35-2934,donkeeling@gmail.com
Otto,Weissnat,130-03-0327,ottoweissnat@gmail.com
Lurline,Heidenreich,442-64-7639,lurlineheidenreich@gmail.com
Shavonne,Huels,400-82-4639,shavonnehuels@gmail.com
Trey,Schuster,270-55-7186,treyschuster@gmail.com
Jetta,McGlynn,170-42-0608,jettamcglynn@gmail.com
Milo,Cassin,253-32-6562,wynell.koch@hotmail.com
Mauro,Gulgowski,539-28-3482,maurogulgowski@gmail.com
Rubin,Ferry,104-30-1752,rubinferry@gmail.com
Maria,McClure,094-84-7413,jenee.okeefe@hotmail.com
Mohammad,Collins,394-56-1953,emelda.anderson@hotmail.com
Dianna,Cruickshank,507-79-9655,chan.boehm@gmail.com
Darren,Schaefer,247-16-8214,adria.powlowski@yahoo.com
Hugo,Rice,374-48-5954,luann.ebert@gmail.com
Luanne,Barton,421-13-0101,alonzo.bosco@yahoo.com
Kellie,Considine,899-25-3838,kellieconsidine@gmail.com
Brad,Altenwerth,345-22-7498,bradaltenwerth@gmail.com
Summer,Yilmaz,789-78-7895,summer@gmail.comgarry.johnson@hotmail.com
Genevie,Pollich,875-38-5979,daria.dare@gmail.com
Maria,Maria,111-99-1111,maria@gmail.com
Catrice,Nader,734-56-6197,wally.brekke@gmail.com
Jackelyn,Turcotte,187-60-3481,delsie.macgyver@hotmail.com
Kaley,Bins,218-91-2991,fermin.mitchell@gmail.com
Candi,Monahan,581-58-6472,leontine.jakubowski@gmail.com
cvsdv,dsvsd,001-23-4321,vds
Ali,veli,111-23-4321,ertt
Jami,Mohr,615-70-3240,thelma.daugherty@yahoo.com
werty,werty,345-45-4309,wer009@gmail.com
Ariana,D'Amore,777-99-6073,genie.wehner@hotmail.com
Sonny,Schuppe,498-61-3685,tenisha.abshire@gmail.com
Dottie,Dickinson,218-89-1803,wallace.williamson@gmail.com
Carita,Schamberger,619-75-3512,luciano.volkman@gmail.com
Lee,Quigley,080-22-9750,leequigley@gmail.com
Garry,Hagenes,476-09-2987,garryhagenes@gmail.com
Magdalen,Mayer,009-97-3160,marlon.reichel@hotmail.com
Julie,Kozey,770-99-5184,juliekozey@gmail.com
Elmer,Emmerich,309-30-2457,elmeremmerich@gmail.com
Benito,Cartwright,553-53-5123,carrol.bednar@hotmail.com
Ken,Labadie,315-62-4484,kenlabadie@gmail.com
George,Morar,339-75-5745,georgemorar@gmail.com
Abram,Moore,298-38-0626,abrammoore@gmail.com
Max,Jacobi,258-03-5574,maxjacobi@gmail.com
Olin,Murazik,283-97-6229,marth.rippin@yahoo.com
Gordon,Swaniawski,409-37-7339,gordonswaniawski@gmail.com
Johnson,Funk,777-15-8742,johnsonfunk@gmail.com
Scottie,Marks,393-85-9582,scottiemarks@gmail.com
Sherika,Zemlak,556-74-4496,sherikazemlak@gmail.com
Terry,Sporer,336-02-1777,terrysporer@gmail.com
Gertrudis,Weimann,588-53-7081,gertrudisweimann@gmail.com
Trish,Muller,081-97-0825,trishmuller@gmail.com
Hans,Müller,241-15-1917,hansmuller119@hotmail.com
Robert,Turner,563-16-1270,robertturner@gmail.com
Cleveland,Hermiston,129-50-4692,clevelandhermiston@gmail.com
Rodrick,Streich,249-11-3164,rodrickstreich@gmail.com
customer,customer,111-88-3387,cus32@gmail.com
customer,customer,111-99-1000,cus32@gmail.com
Keira,Stroman,324-48-2552,keirastroman@gmail.com
Magdalen,Hauck,462-42-1760,magdalenhauck@gmail.com
Omer,Ryan,283-83-0128,omerryan@gmail.com
Elida,Pagac,885-25-6878,elidapagac@gmail.com
Paul,Schiller,452-04-0881,paulschiller@gmail.com
Alan,Conroy,150-37-3818,alanconroy@gmail.com
Rickie,Prosacco,121-67-5083,emory.gorczany@hotmail.com
Lawerence,Wilkinson,218-26-8884,haywood.larkin@yahoo.com
Babara,Cole,010-36-8020,abdul.ebert@yahoo.com
Delorse,Shields,227-10-0601,delorseshields@gmail.com
Ying,White,359-73-7380,yingwhite@gmail.com
Bethel,Hermiston,775-34-3266,bethelhermiston@gmail.com
Reid,Stark,430-45-4781,reidstark@gmail.com
Johnny,Swaniawski,357-79-9432,johnnyswaniawski@gmail.com
Alverta,Strosin,466-02-7869,alvertastrosin@gmail.com
Eldridge,Sporer,810-23-5648,eldridgesporer@gmail.com
Dorethea,O'Keefe,769-43-5077,doretheao'keefe@gmail.com
Carroll,Hessel,667-29-3849,carrollhessel@gmail.com
Kirk,Koch,412-88-1950,kirkkoch@gmail.com
Janay,Bergnaum,544-15-8699,janaybergnaum@gmail.com
Geraldo,Hegmann,091-41-9423,geraldohegmann@gmail.com
Hollis,Osinski,330-94-6243,hollisosinski@gmail.com
Queenie,Goldner,485-83-2098,queeniegoldner@gmail.com
Burt,Barton,401-09-3621,burtbarton@gmail.com
Walker,Torphy,234-06-3984,walkertorphy@gmail.com
Gene,Erdman,519-52-1721,geneerdman@gmail.com
Eugenie,Jacobi,518-40-1640,eugeniejacobi@gmail.com
Domenica,Balistreri,645-87-6314,domenicabalistreri@gmail.com
Lashunda,Pouros,883-07-4665,lashundapouros@gmail.com
Cyndy,Tromp,721-83-6320,cyndytromp@gmail.com
Arlette,Hauck,535-18-6554,arlettehauck@gmail.com
Reynalda,Mohr,564-31-2408,reynaldamohr@gmail.com
Jake,Ledner,860-82-0293,jakeledner@gmail.com
Leonila,Kshlerin,649-55-6489,leonilakshlerin@gmail.com
Orville,Schmeler,250-20-1917,orvilleschmeler@gmail.com
Alex,Wolff,605-66-5117,alexwolff@gmail.com
Naomi,Lang,896-72-9991,naomilang@gmail.com
Clementine,Howell,407-79-1671,clementinehowell@gmail.com
Willodean,Muller,448-54-9201,willodeanmuller@gmail.com
Aron,Purdy,886-87-6452,aronpurdy@gmail.com
Franklin,Weber,299-81-9270,franklinweber@gmail.com
Marlon,Greenholt,482-73-1888,marlongreenholt@gmail.com
Ben,Jenkins,310-64-7418,benjenkins@gmail.com
Dorris,Ullrich,425-27-9564,dorrisullrich@gmail.com
Alene,Connelly,009-35-9786,aleneconnelly@gmail.com
Daniela,Ebert,169-21-2185,danielaebert@gmail.com
Penney,Nolan,707-76-3671,penneynolan@gmail.com
Kamilah,Watsica,747-80-4149,kamilahwatsica@gmail.com
Sean,Kunze,646-72-4579,seankunze@gmail.com
Freddie,Erdman,441-85-3626,freddieerdman@gmail.com
Debbi,Koch,286-11-7574,debbikoch@gmail.com
Dirk,Crist,072-93-7594,dirkcrist@gmail.com
Chas,Morar,018-75-2383,chasmorar@gmail.com
Melita,Wuckert,639-76-9586,melitawuckert@gmail.com
Mellissa,Romaguera,716-43-7035,mellissaromaguera@gmail.com
Thomasine,Boyle,573-51-9629,thomasineboyle@gmail.com
Caleb,Krajcik,277-95-7685,calebkrajcik@gmail.com
Stewart,Treutel,229-01-7454,stewarttreutel@gmail.com
Marya,Padberg,705-54-7591,maryapadberg@gmail.com
Hyon,Douglas,111-80-2584,hyondouglas@gmail.com
Ayana,Moore,506-82-3726,ayanamoore@gmail.com
Elmo,Hermann,808-95-7956,elmohermann@gmail.com
Lionel,Russel,698-10-8061,lionelrussel@gmail.com
Lucien,Gleichner,325-90-3912,luciengleichner@gmail.com
Fernando,McGlynn,619-27-6803,fernandomcglynn@gmail.com
Graham,White,859-17-0594,grahamwhite@gmail.com
Jason,Walker,178-49-5023,jasonwalker@gmail.com
Hoa,Legros,733-32-5621,hoalegros@gmail.com
Tarra,Windler,232-48-7214,tarrawindler@gmail.com
Jeniffer,Leffler,822-63-1961,jenifferleffler@gmail.com
Kaycee,Johnston,814-17-2230,kayceejohnston@gmail.com
Ericka,Larson,654-02-4307,erickalarson@gmail.com
Jake,Yost,346-50-1271,jakeyost@gmail.com
Domenic,Flatley,290-46-3911,domenicflatley@gmail.com
Magen,Smitham,573-48-0384,magensmitham@gmail.com
Sondra,Johnston,663-88-6458,sondrajohnston@gmail.com
Julieann,Blanda,698-35-6316,julieannblanda@gmail.com
Danyelle,Lindgren,538-32-8482,danyellelindgren@gmail.com
Rusty,DuBuque,399-86-6136,rustydubuque@gmail.com
Gertude,Little,339-40-8044,gertudelittle@gmail.com
Corinna,Mayert,865-45-5827,corinnamayert@gmail.com
Yan,Fay,765-75-6035,yanfay@gmail.com
Dorian,Tremblay,179-84-8673,doriantremblay@gmail.com
Carlton,Blick,400-45-9576,carltonblick@gmail.com
Rudolf,Jacobson,660-93-0309,rudolfjacobson@gmail.com
Felecia,Schaefer,294-94-1749,feleciaschaefer@gmail.com
Jacklyn,Rath,855-86-4813,jacklynrath@gmail.com
Monte,Hyatt,413-78-3445,montehyatt@gmail.com
Bebe,Kohler,125-70-5138,bebekohler@gmail.com
Ward,Quitzon,628-54-2566,wardquitzon@gmail.com
Christopher,Kub,543-94-3999,christopherkub@gmail.com
Phyliss,Stamm,525-60-3877,phylissstamm@gmail.com
David,Marks,647-60-8711,davidmarks@gmail.com
Yuk,Gislason,444-74-9807,yukgislason@gmail.com
Bula,Gleason,327-21-7642,bulagleason@gmail.com
Katherin,Thiel,300-14-9731,katherinthiel@gmail.com
Burton,Flatley,279-13-3230,burtonflatley@gmail.com
Rufus,Borer,099-24-4120,rufusborer@gmail.com
Fransisca,Wehner,534-99-1065,fransiscawehner@gmail.com
Verona,Herman,283-34-1697,veronaherman@gmail.com
Raymond,Erdman,394-09-5981,raymonderdman@gmail.com
Rusty,Wisozk,090-21-4162,rustywisozk@gmail.com
Zora,Walsh,355-35-8735,zorawalsh@gmail.com
Darrick,Hegmann,041-16-7184,darrickhegmann@gmail.com
Tuan,Nienow,418-18-2220,tuannienow@gmail.com
Bibi,Johnston,163-68-6037,bibijohnston@gmail.com
Robin,Sipes,441-65-3286,robinsipes@gmail.com
Marcelo,Bechtelar,290-97-2540,marcelobechtelar@gmail.com
Letha,Littel,573-45-7074,lethalittel@gmail.com
Aaron,Hand,377-85-5562,aaronhand@gmail.com
Jerrica,Marks,337-49-5827,jerricamarks@gmail.com
Keith,Barrows,814-47-0421,keithbarrows@gmail.com
Elenore,Wolf,091-76-4016,elenorewolf@gmail.com
Madlyn,Nikolaus,387-46-6934,madlynnikolaus@gmail.com
Indira,Sporer,474-90-9914,indirasporer@gmail.com
Olen,Schuster,641-92-3651,olenschuster@gmail.com
Don,Mitchell,470-29-7177,donmitchell@gmail.com
Lia,Wolf,729-99-9946,liawolf@gmail.com
Benito,Durgan,719-56-7398,benitodurgan@gmail.com
Liza,Murray,830-81-6433,lizamurray@gmail.com
Gordon,Hintz,897-95-0521,gordonhintz@gmail.com
Gricelda,Hamill,210-25-3862,griceldahamill@gmail.com
Travis,Lemke,739-89-4902,travislemke@gmail.com
Mickey,Turcotte,673-18-6008,mickeyturcotte@gmail.com
Jarod,Gislason,421-51-9588,jarodgislason@gmail.com
Edward,Gulgowski,217-31-8944,edwardgulgowski@gmail.com
Wilfred,Kulas,609-63-6827,wilfredkulas@gmail.com
Corazon,Marquardt,035-91-5318,corazonmarquardt@gmail.com
Daron,Effertz,216-60-0313,daroneffertz@gmail.com
Lissa,Lueilwitz,672-59-9623,lissalueilwitz@gmail.com
Jonah,Farrell,753-96-0528,jonahfarrell@gmail.com
Otis,Parisian,218-73-9340,otisparisian@gmail.com
Cira,Effertz,124-77-8380,ciraeffertz@gmail.com
ali,veli,101-23-4321,ertt
Hilma,Baumbach,258-01-3347,luisa.thiel@gmail.com
Floria,Mayer,811-36-7614,guillermo.morissette@yahoo.com
werty,werty,345-45-4310,wer010@gmail.com
Louella,Quitzon,618-83-6256,louellaquitzon@gmail.com
Hyman,Spencer,802-15-6811,hymanspencer@gmail.com
Lin,Rath,696-23-9540,linrath@gmail.com
Treena,Steuber,127-22-3960,treenasteuber@gmail.com
fe,Ozkan,145-61-7419,fe@fe.gmail
Jamison,Mante,569-05-1438,jamisonmante@gmail.com
Hacer,Goren,222-22-2288,hgoren19@gmail.com
Thanh,Dickinson,497-19-0800,thanhdickinson@gmail.com
Catrina,Graham,338-24-7641,catrinagraham@gmail.com
John,Block,865-48-2549,johnblock@gmail.com
Deena,Ondricka,577-46-4455,deenaondricka@gmail.com
Nereida,Tromp,144-80-2276,nereidatromp@gmail.com
Genevive,Mitchell,843-45-3049,genevivemitchell@gmail.com
Carolina,Bradtke,391-39-4078,carolinabradtke@gmail.com
Kasey,Emard,481-06-5438,kaseyemard@gmail.com
Jeramy,Spencer,036-27-1127,jeramyspencer@gmail.com
Romona,Marvin,425-09-8501,romonamarvin@gmail.com
Eva,Ferry,819-66-3120,evaferry@gmail.com
Stephan,Walsh,328-21-1287,stephanwalsh@gmail.com
Merle,Koelpin,164-88-6381,merlekoelpin@gmail.com
Raye,Harris,657-81-9516,rayeharris@gmail.com
Dudley,McLaughlin,251-75-0886,dudleymclaughlin@gmail.com
Modesto,Bergnaum,140-45-4881,modestobergnaum@gmail.com
Sudie,Daniel,846-82-2773,sudiedaniel@gmail.com
Alejandro,Heller,858-34-1492,alejandroheller@gmail.com
Hettie,Feil,465-79-7682,hettiefeil@gmail.com
Prince,Stoltenberg,582-51-8401,princestoltenberg@gmail.com
Bette,Kozey,759-47-2202,bettekozey@gmail.com
Cinderella,Crona,362-67-4241,cinderellacrona@gmail.com
Epifania,Hoeger,286-16-4217,epifaniahoeger@gmail.com
Lissa,Smitham,807-06-3791,lissasmitham@gmail.com
Anita,Leffler,593-83-1109,anitaleffler@gmail.com
Jamila,Kunde,207-92-5208,jamilakunde@gmail.com
Evia,Hane,636-37-7618,eviahane@gmail.com
Isis,Runolfsdottir,855-59-3427,isisrunolfsdottir@gmail.com
Naida,Kozey,190-67-3552,naidakozey@gmail.com
Manuel,Barrows,816-87-6077,manuelbarrows@gmail.com
Jeniffer,Shanahan,324-68-5117,jeniffershanahan@gmail.com
Jae,Breitenberg,374-57-1048,jaebreitenberg@gmail.com
Millie,Vandervort,772-50-2477,millievandervort@gmail.com
Carol,Heaney,487-46-8866,carolheaney@gmail.com
Filiberto,Kris,625-54-5735,filibertokris@gmail.com
Fletcher,Rodriguez,676-69-2941,fletcherrodriguez@gmail.com
Dondu,Durmaz,432-71-9074,Durmazdondu_35@gmail.com
Terisa,Walsh,880-73-3603,lauren.weimann@gmail.com
Frederick,Williamson,453-56-4994,com.github.javafaker.Name@2c05ff9d@gmail.com
team22,Lions,879-12-4312,lions@lions.com
team22,Lions,899-12-4312,lions@lions.com
Matt,Oz,333-33-3333,mattoz1@gmail.com
Turkan,Customer,234-78-4567,kaska@gmail.com
team22,UpdatedLions,890-12-4312,lions@lions.com
Dianna,Williamson,341-62-3328,diannawilliamson@gmail.com
Yasemin,Aydin,123-34-4567,yasemin@gmail.com
Admin5,AdminLast,123-34-4599,admin5@gmail.com
Felisha,Lakin,707-78-7847,dewayne.heathcote@hotmail.com
Fatma,Gul,888-33-1234,fatos@gmail.cpm
deneme_ders,demo,564-87-9514,fgh@glk.com
team35customer,team35customer,888-22-4444,team35customer@gmail.com
team29customer,team,824-56-1973,team29@customer.com
Ebubekir,ŞAHİN,156-65-9658,esahin05@icloud.com
Rosa2001,Rosa2001,141-85-2963,rosa2001@hotmail.com
Mattnew,Oznew,653-21-4321,mattoznew@gmail.com
Mattnew1,Oznew1,678-87-6712,mattoznew1@gmail.com
Matt,Oz,432-43-8765,facility@pioneeracademy.org
Bobbie,Monahan,249-36-1773,damien.bode@gmail.com
Broderick,Rau,862-16-7259,broderickrau@gmail.com
Hunter,Nicolas,369-11-4207,hunternicolas@gmail.com
werty,werty,080-80-8082,werty015@gmail.com
Team33,Demo,765-76-7658,team33@gmail.com
Charlie,Effertz,656-97-3434,dina.fisher@yahoo.com
Rey,Roob,860-23-4844,lynn.koelpin@gmail.com
selim,deri,123-12-4444,40pdrb@gmail.com
selim,deri,123-11-4444,40pdrb@gmail.com
emre_05,Rogersen,233-15-9873,kalimersm@gmail.com
Yagmur,Taskin,102-93-8475,ytaskin@gmail.com
Derin,Sular,102-93-8476,derin@icloud.com
customerteam2828,customerteam2828,123-13-1238,customerteam282828@gmail.com
e,ee,546-96-9875,aaaa1111@gmail.com
Ahmet,Kutlar,745-85-6548,ahmetkutlarbeni@gmail.com
Ahmet,Kutlar,745-85-0148,ahmetkutlarbeni@gmail.com
Ahmet,Kutlar,711-85-0148,ahmetkutlarbeni@gmail.com
Ahmet,Kutlar,711-85-7458,ahmetkutlarbeni@gmail.com
Selcuk,demirci,123-12-1212,selcuk@gmail.com
ali,veli,123-45-1525,aliye@gmail.com
zara,zara,163-95-4352,zara@gmail.com
Turkan,Bozdag,567-77-4567,turkanbozdag13@gmail.com
Ahmet,Kutlar,711-85-8171,ahmetkutlarbeni@gmail.com
Ahmet,Kutlar,711-85-9835,ahmetkutlarbeni@gmail.com
Ismailimmm,Adjissi,129-98-0987,adjissiismail6@gmail.com
Wilfred,Kovacek,084-69-1036,rebecka.reinger@hotmail.com
Michael,Fay,688-32-4745,robert.funk@gmail.com
EmployeeG,EmployeeG,456-65-6545,employeeg@g.com
ikiders,demo,123-21-3214,iki@iki.com
Gamze,Deniz,123-34-5678,gmzdnz@hotmail.com
Eleanora,Hahn,295-58-2759,murray.hilll@hotmail.com
Maxine,Bechtelar,002-58-4615,maxinebechtelar@gmail.com
Unique,Kautzer,508-99-7784,uniquekautzer@gmail.com
Demo,Meeting,765-76-7654,demom2@gmail.com
Weldon,Pagac,031-53-0382,brendan.corwin@hotmail.com
Rima,Johnston,384-15-5223,aurelio.macgyver@gmail.com
Edd,Osinski,811-10-5243,eddosinski@gmail.com
Jorge,Leuschke,090-13-2972,jorgeleuschke@gmail.com
Doris,Kshlerin,866-90-8767,doriskshlerin@gmail.com
Gertha,Aufderhar,681-63-7270,lemuel.breitenberg@hotmail.com
Dariana,Labadie,477-31-7953,darianalabadie@gmail.com
Royal,Schamberger,140-53-5657,sarah.lang@gmail.com
Demo,Team30,159-63-9211,demoteam31@gmail.com
Reuben,Buckridge,592-73-5872,reubenbuckridge@gmail.com
kahya,kerim,125-45-6789,kahyakerim@gmail.com
selim,hepFakir,205-01-8950,selim@hepfakir.com
selim,genefakir,204-02-8950,selim@genefakir.com
Jonathon,Roob,290-41-5534,grady.koelpin@gmail.com
Jeffrey2,Rosenbaum,476-90-9375,antonio.runolfsson@example.com
Jared,Prosacco,071-61-5818,jaredprosacco@gmail.com
Fletcher,Hahn,384-90-0894,fletcherhahn@gmail.com
Nathan,Schmeler,155-73-6379,nathanschmeler@gmail.com
Kathlyn,Flatley,004-14-5521,kathlynflatley@gmail.com
Kathlyn,Flatley,014-14-5521,antonio.runolfsson@example.com
Filiz,Flatley,044-14-5521,antonio.runolfsson@example.com
Debra,Hand,876-46-0193,rickie.schmeler@yahoo.com
XXX,Hand,276-46-0193,rickie.schmeler@yahoo.com
Queen,Elizabeth,345-15-9591,halil11@gmail.com
Aldo,Crooks,483-24-4868,joanie.windler@yahoo.com
Edmond,McKenzie,554-02-1258,janae.collier@hotmail.com
Lamar,Bogan,862-80-8179,lamarbogan@gmail.com
Collin,Mann,219-15-6306,francesco.willms@gmail.com
Tierra,Rosenbaum,604-41-0992,tierrarosenbaum@gmail.com
Eric,Erica,232-32-2323,eric@ss.com
David,Brown,034-34-3434,davidgmail.com
Alican,Tillman,333-54-2395,com.github.javafaker.Name@7c011174@gmail.com
Filiz,Tillman,343-54-2395,com.github.javafaker.Name@7c011174@gmail.com
Rosella,Gulgowski,356-10-3949,aline.hilpertexample.com
Rose,Gulgowski,356-15-3949,aline.hilpertexample.com
Demo,Tillman,553-34-2395,com.github.javafaker.Name@7c011174@gmail.com
Demo2,Tillman,563-34-2395,com.github.javafaker.Name@7c011174@gmail.com
Demo23,Tillman,563-34-9395,com.github.javafaker.Name@7c011174@gmail.com
Dejah,Effertz,329-60-1616,DejahEffertz@gmail.com
Demo33,Tillman,563-34-9305,com.github.javafaker.Name@7c011174@gmail.com
Melany,Marvin,357-99-6262,MelanyMarvin@gmail.com
Grace,Legros,186-67-3248,GraceLegros@gmail.com
Joe,Thompson,780-76-2285,JoeThompson@gmail.com
Kitty,Kuhn,412-78-0473,KittyKuhn@gmail.com
Megane,Kerluke,084-09-3810,MeganeKerluke@gmail.com
Kelton,Wuckert,886-58-0605,KeltonWuckert@gmail.com
Jerald,Fritsch,826-64-9184,JeraldFritsch@gmail.com
Alia,Dibbert,053-95-2319,AliaDibbert@gmail.com
Gertrude,Ullrich,717-51-0404,GertrudeUllrich@gmail.com
Lukas,Cremin,411-34-1147,LukasCremin@gmail.com
Benton,Herman,282-49-7488,BentonHerman@gmail.com
Dolores,Boyer,264-38-4751,DoloresBoyer@gmail.com
Kory,Reichert,794-79-6910,KoryReichert@gmail.com
Rosalyn,Breitenberg,388-41-4266,RosalynBreitenberg@gmail.com
Kenna,Huel,702-26-4396,KennaHuel@gmail.com
Teresa,Gottlieb,897-14-8000,TeresaGottlieb@gmail.com
Kaleb,Mohr,216-19-4038,KalebMohr@gmail.com
Shemar,Satterfield,574-60-6588,ShemarSatterfield@gmail.com
Fausto,Nader,472-70-1153,FaustoNader@gmail.com
Candyce,Labadie,207-24-1136,candycelabadie@gmail.com
Adan,Tillman,145-73-2291,adantillman@gmail.com
Zakary,Schulist,494-36-1870,zakaryschulist@gmail.com
Houston,Fisher,702-87-4689,houstonfisher@gmail.com
Ora,Gusikowski,590-51-1403,oragusikowski@gmail.com
Sage,Heathcote,624-21-1859,sageheathcote@gmail.com
Estevan,Bins,147-94-7346,estevanbins@gmail.com
Citlalli,Spinka,391-24-8417,citlallispinka@gmail.com
Sean,Larkin,036-97-7394,seanlarkin@gmail.com
Flossie,Leuschke,356-80-8140,flossieleuschke@gmail.com
Darrel,Spinka,191-93-0629,darrelspinka@gmail.com
Darryl,Renner,462-43-5662,darrylrenner@gmail.com
Johann,Thiel,826-63-4819,johannthiel@gmail.com
Johanna,Adams,869-04-8233,johannaadams@gmail.com
Krystal,Hills,579-90-3154,krystalhills@gmail.com
Davion,White,012-79-0266,davionwhite@gmail.com
Woodrow,Bailey,486-46-1925,woodrowbailey@gmail.com
Raquel,Will,791-54-0186,raquelwill@gmail.com
Rahsaan,Boyer,618-25-2196,rahsaanboyer@gmail.com
Delmer,Rolfson,586-91-8781,delmerrolfson@gmail.com
recep,kartal,555-55-5555,rec@gmail.com
recep,kartal,428-16-7926,reckartalr@gmail.com
Ebubekir,ŞAHİN,258-74-9632,esahin132@icloud.com
Deneme,Deneme,224-71-6392,678390-2@gmail.com
Test43,Team,476-90-9876,jon.snow@example.com
Deneme2,Deneme2,224-71-4689,676579-2@gmail.com
Jacky,Ryan,359-17-1163,jackyryan@gmail.com
Vladimir,Armstrong,121-21-9174,vladimirarmstrong@gmail.com
George,Hamilton,352-34-4678,georgehamilton_3@gmail.com
Hans,Müller,343-15-1314,hansmuller28@hotmail.com
Beck,Ars,123-34-1298,beckars@gmail.com
scott,asd,123-45-9990,scottasd@gmail.com
USA,WORLD,585-85-8585,anyman@gmail.com
Ebubekir,ŞAHİN,251-69-5478,deneme321@gmail.com
Dennis,Sssnnn,291-09-4203,dennis@gmail.com
